{
  "views_sum": 50046514,
  "views_min": 142,
  "views_max": 99610,
  "views_avg": 50096.61061061061,
  "views_stdev": 27288.06453542843
}