{"sum_price": 742038992, "min_price": 10374, "max_price": 499844, "avr_price": 258550.17142857143, "std_price": 141386.35634074477}{"no_camera": 1154, "49 MP": 13, "88 MP": 20, "72 MP": 16, "28 MP": 12, "16 MP": 14, "114 MP": 24, "66 MP": 17, "109 MP": 19, "76 MP": 18, "122 MP": 14, "75 MP": 23, "108 MP": 13, "116 MP": 20, "94 MP": 18, "96 MP": 25, "50 MP": 26, "41 MP": 16, "21 MP": 10, "79 MP": 17, "37 MP": 12, "119 MP": 19, "30 MP": 10, "113 MP": 22, "69 MP": 20, "83 MP": 23, "89 MP": 11, "53 MP": 16, "112 MP": 12, "105 MP": 13, "59 MP": 17, "17 MP": 9, "85 MP": 13, "19 MP": 14, "91 MP": 12, "20 MP": 15, "90 MP": 17, "56 MP": 15, "103 MP": 23, "73 MP": 23, "52 MP": 16, "77 MP": 15, "18 MP": 22, "55 MP": 17, "81 MP": 10, "63 MP": 16, "25 MP": 20, "40 MP": 21, "23 MP": 17, "87 MP": 15, "42 MP": 17, "62 MP": 15, "31 MP": 31, "128 MP": 7, "38 MP": 9, "34 MP": 16, "86 MP": 12, "102 MP": 12, "57 MP": 10, "74 MP": 15, "68 MP": 16, "123 MP": 11, "22 MP": 11, "97 MP": 16, "127 MP": 14, "45 MP": 14, "32 MP": 22, "26 MP": 15, "115 MP": 17, "44 MP": 13, "39 MP": 16, "101 MP": 15, "64 MP": 16, "67 MP": 16, "126 MP": 9, "54 MP": 11, "71 MP": 13, "36 MP": 9, "35 MP": 16, "70 MP": 10, "120 MP": 13, "106 MP": 12, "33 MP": 12, "110 MP": 18, "78 MP": 15, "82 MP": 18, "125 MP": 13, "98 MP": 13, "107 MP": 13, "111 MP": 17, "24 MP": 16, "118 MP": 17, "95 MP": 23, "124 MP": 18, "60 MP": 11, "121 MP": 4, "58 MP": 12, "48 MP": 11, "47 MP": 15, "27 MP": 16, "80 MP": 8, "29 MP": 14, "65 MP": 23, "117 MP": 19, "84 MP": 8, "93 MP": 12, "46 MP": 14, "99 MP": 12, "104 MP": 18, "61 MP": 15, "43 MP": 18, "100 MP": 8, "51 MP": 8, "92 MP": 8}