{"sum": 631058.0, "avr": 545.8979238754325, "sumMD": 18517.0, "avrMD": 544.6176470588235, "sumSD": 16104.0, "avrSD": 473.6470588235294, "max": 998.0, "min": 100.0}