{
  "price_sum": 742038992,
  "price_min": 10374,
  "price_max": 499844,
  "price_avg": 258550.17142857143,
  "price_stdev": 141328.61466742345
}