{
  "price_sum": 1624245284,
  "price_min": 100177,
  "price_max": 999867,
  "price_avg": 553594.166325835,
  "price_stdev": 261589.14324797053
}