{
  "distance_sum": 2488290800.47,
  "distance_min": 11104.55,
  "distance_max": 9987304.34,
  "distance_avg": 4976581.60094,
  "distance_stdev": 2900418.512373698
}